a2c,ppo,ddpg
0.01718959988491546,-0.04965688626633468,0.044680817335043005
0.10012659369721663,0.3275527487760709,0.0525678424284236
0.10739179387434991,0.06829417255684964,0.1561075343835391
-0.049477746297428064,0.13629749878954725,-0.0030660289479794945
0.35906276584517854,0.44474971360699195,0.3484836642998996
0.1991038449714915,0.29239303273308814,0.1286239243532414
0.09178408486325434,0.21907219768024336,0.31149890006466124
0.317909219365062,0.3997823036552423,0.2976742612591242
0.4542555843975292,0.4813587773737356,0.5641532421765453
-0.019102160149480494,0.016991388916857676,-0.0450642520507512
0.026190043936852418,-0.025866355686047993,-0.06487982816279418
0.20405083049962588,0.039733433400822395,0.23704211993204555
-0.29984473256900745,-0.34281547906838244,-0.30939517357541657
0.010562642401028452,-0.09808503009632923,0.025079376759620384
0.15403028209209685,0.014543986336784588,0.04375836996329525
0.15389981634757666,0.012075421840213409,0.06842590201511074
-0.19068288537306166,-0.17013076871389382,-0.11262957577195297
-0.47548938917599864,-0.4143404457413655,-0.40834349760020033
