a2c,ppo,ddpg
-0.003180222064072081,-0.026766336864320884,0.09112441533196378
0.09841421500148508,0.10324906285755892,0.10214708317277096
0.0506969688375726,-0.007584241607260317,0.06444725425331731
-0.07325595822322344,-0.07558996440988308,-0.15649991838447924
0.503798407140286,0.599252564884304,0.5031351653586352
0.3334989050255673,0.2888099834774165,0.07354089219898773
0.2140766949376367,0.289566594203785,0.2978979675611458
-0.016179641028783064,0.2651319545238155,0.517363765960364
0.6141541091742747,0.29506989545406476,0.6683027780273418
-0.023592498982958215,0.06190207138441502,-0.03355649764291998
-0.11412312599448325,-0.12178393016775663,0.010765395602991232
0.15220464709037337,0.018535910665771437,0.21890704240832803
-0.35468328067141996,-0.33536881173987304,-0.36750758110220394
-0.016913952712000094,-0.12952607963684787,-0.011991599462146622
0.08497843074337426,0.29199950241862654,0.5193349262577679
0.007543794855590978,-0.15903229461316404,0.18932346935871996
0.07471624530907943,-0.4564327019580471,-0.09225617129996579
-0.315400808672641,-0.4196352991261333,-0.39959594326346726
